{"cameraMode":{"drawMode":0,"name":"Shaded","section":"Shading Mode"},"sceneLighting":false,"audioPlay":false,"sceneViewState":{"showFog":false,"showMaterialUpdate":false,"showSkybox":false,"showFlares":false,"showImageEffects":false,"showParticleSystems":false},"in2DMode":false,"pivot":{"x":1.5000001192092896,"y":-0.0625,"z":1.499999761581421},"rotation":{"x":-0.05838300660252571,"y":0.8948464393615723,"z":-0.12293657660484314,"w":-0.42551055550575259},"size":7.003425121307373,"orthographic":false}