{"cameraMode":{"drawMode":0,"name":"Shaded","section":"Shading Mode"},"sceneLighting":true,"audioPlay":false,"sceneViewState":{"showFog":false,"showMaterialUpdate":false,"showSkybox":false,"showFlares":false,"showImageEffects":false,"showParticleSystems":false},"in2DMode":false,"pivot":{"x":58.47587585449219,"y":-106.73641967773438,"z":445.8214416503906},"rotation":{"x":-0.2941368818283081,"y":0.01298193633556366,"z":-0.005309102591127157,"w":-0.9560140371322632},"size":311.01348876953127,"orthographic":false}