{"cameraMode":{"drawMode":0,"name":"Shaded","section":"Shading Mode"},"sceneLighting":false,"audioPlay":false,"sceneViewState":{"showFog":false,"showMaterialUpdate":false,"showSkybox":false,"showFlares":false,"showImageEffects":false,"showParticleSystems":false},"in2DMode":false,"pivot":{"x":-0.000002384185791015625,"y":1.5,"z":1.6250044107437134},"rotation":{"x":-0.058691490441560748,"y":-0.9405167102813721,"z":0.25574544072151186,"w":-0.21584752202033997},"size":12.299152374267579,"orthographic":false}