{"cameraMode":{"drawMode":0,"name":"Shaded","section":"Shading Mode"},"sceneLighting":true,"audioPlay":false,"sceneViewState":{"showFog":false,"showMaterialUpdate":false,"showSkybox":false,"showFlares":false,"showImageEffects":false,"showParticleSystems":false},"in2DMode":false,"pivot":{"x":-160.32308959960938,"y":52.714725494384769,"z":-446.67462158203127},"rotation":{"x":-0.034941159188747409,"y":-0.877180278301239,"z":0.06458820402622223,"w":-0.4745340347290039},"size":361.2345275878906,"orthographic":false}