{"cameraMode":{"drawMode":0,"name":"Shaded","section":"Shading Mode"},"sceneLighting":false,"audioPlay":false,"sceneViewState":{"showFog":true,"showMaterialUpdate":false,"showSkybox":false,"showFlares":true,"showImageEffects":true,"showParticleSystems":true},"in2DMode":false,"pivot":{"x":-0.18392999470233918,"y":0.019999999552965165,"z":-0.0021059000864624979},"rotation":{"x":-0.30715352296829226,"y":0.6770651936531067,"z":-0.3760665953159332,"w":-0.5530174374580383},"size":22.0,"orthographic":false}