{"cameraMode":{"drawMode":0,"name":"Shaded","section":"Shading Mode"},"sceneLighting":true,"audioPlay":false,"sceneViewState":{"showFog":false,"showMaterialUpdate":false,"showSkybox":false,"showFlares":false,"showImageEffects":false,"showParticleSystems":false},"in2DMode":false,"pivot":{"x":-59.688472747802737,"y":43.15364456176758,"z":-69.87621307373047},"rotation":{"x":-0.01632595621049404,"y":-0.10356297343969345,"z":0.0024915540125221016,"w":-0.9945879578590393},"size":3.6866865158081056,"orthographic":false}