{"cameraMode":{"drawMode":0,"name":"Shaded","section":"Shading Mode"},"sceneLighting":true,"audioPlay":false,"sceneViewState":{"showFog":false,"showMaterialUpdate":false,"showSkybox":false,"showFlares":false,"showImageEffects":false,"showParticleSystems":false},"in2DMode":false,"pivot":{"x":440.41412353515627,"y":215.937255859375,"z":-407.1440124511719},"rotation":{"x":0.06435727328062058,"y":-0.04133276641368866,"z":-0.0043058134615421299,"w":-0.9974085688591003},"size":311.01348876953127,"orthographic":false}