{"cameraMode":{"drawMode":0,"name":"Shaded","section":"Shading Mode"},"sceneLighting":true,"audioPlay":false,"sceneViewState":{"showFog":false,"showMaterialUpdate":false,"showSkybox":false,"showFlares":false,"showImageEffects":false,"showParticleSystems":false},"in2DMode":false,"pivot":{"x":-0.19448137283325196,"y":8.96815013885498,"z":101.16393280029297},"rotation":{"x":-0.19507749378681184,"y":0.3273087739944458,"z":-0.06923474371433258,"w":-0.9220002889633179},"size":8.672567367553711,"orthographic":false}