{"cameraMode":{"drawMode":0,"name":"Shaded","section":"Shading Mode"},"sceneLighting":false,"audioPlay":false,"sceneViewState":{"showFog":false,"showMaterialUpdate":false,"showSkybox":false,"showFlares":false,"showImageEffects":false,"showParticleSystems":false},"in2DMode":false,"pivot":{"x":0.025799989700317384,"y":1.8737713098526,"z":0.00029540061950683594},"rotation":{"x":0.21651262044906617,"y":-0.3256179392337799,"z":0.07686797529459,"w":0.9171622395515442},"size":13.639116287231446,"orthographic":false}