{"cameraMode":{"drawMode":0,"name":"Shaded","section":"Shading Mode"},"sceneLighting":true,"audioPlay":false,"sceneViewState":{"showFog":false,"showMaterialUpdate":false,"showSkybox":false,"showFlares":false,"showImageEffects":false,"showParticleSystems":false},"in2DMode":false,"pivot":{"x":-441.06243896484377,"y":259.3150634765625,"z":-154.03799438476563},"rotation":{"x":0.35181447863578799,"y":-0.508976936340332,"z":0.23930469155311585,"w":0.7482701539993286},"size":3.686677932739258,"orthographic":false}