{"cameraMode":{"drawMode":0,"name":"Shaded","section":"Shading Mode"},"sceneLighting":true,"audioPlay":false,"sceneViewState":{"showFog":false,"showMaterialUpdate":false,"showSkybox":false,"showFlares":false,"showImageEffects":false,"showParticleSystems":false},"in2DMode":false,"pivot":{"x":-441.1379089355469,"y":142.48728942871095,"z":-181.02459716796876},"rotation":{"x":-0.11239933967590332,"y":-0.5945174098014832,"z":0.08436071127653122,"w":-0.7917354106903076},"size":3.6866726875305177,"orthographic":false}