{"cameraMode":{"drawMode":0,"name":"Shaded","section":"Shading Mode"},"sceneLighting":true,"audioPlay":false,"sceneViewState":{"showFog":false,"showMaterialUpdate":false,"showSkybox":false,"showFlares":false,"showImageEffects":false,"showParticleSystems":false},"in2DMode":false,"pivot":{"x":-30.4423770904541,"y":11.547141075134278,"z":45.02231979370117},"rotation":{"x":0.04119601473212242,"y":-0.19337256252765656,"z":0.00813072919845581,"w":0.9802985787391663},"size":3.6866674423217775,"orthographic":false}