{"cameraMode":{"drawMode":0,"name":"Shaded","section":"Shading Mode"},"sceneLighting":true,"audioPlay":false,"sceneViewState":{"showFog":false,"showMaterialUpdate":false,"showSkybox":false,"showFlares":false,"showImageEffects":false,"showParticleSystems":false},"in2DMode":false,"pivot":{"x":-445.67266845703127,"y":35.912071228027347,"z":-176.32118225097657},"rotation":{"x":0.16616053879261018,"y":0.5202462077140808,"z":-0.10260039567947388,"w":0.8316887021064758},"size":2.8578836917877199,"orthographic":false}