{"cameraMode":{"drawMode":0,"name":"Shaded","section":"Shading Mode"},"sceneLighting":true,"audioPlay":false,"sceneViewState":{"showFog":false,"showMaterialUpdate":false,"showSkybox":false,"showFlares":false,"showImageEffects":false,"showParticleSystems":false},"in2DMode":false,"pivot":{"x":-46.17588806152344,"y":15.58151626586914,"z":-25.524015426635743},"rotation":{"x":-0.11519156396389008,"y":-0.2702673673629761,"z":0.03258831426501274,"w":-0.9553166031837463},"size":21.766942977905275,"orthographic":false}