{"cameraMode":{"drawMode":0,"name":"Shaded","section":"Shading Mode"},"sceneLighting":true,"audioPlay":false,"sceneViewState":{"showFog":true,"showMaterialUpdate":false,"showSkybox":true,"showFlares":true,"showImageEffects":true,"showParticleSystems":true},"in2DMode":false,"pivot":{"x":-141.66342163085938,"y":16.724193572998048,"z":-50.99504089355469},"rotation":{"x":0.13107025623321534,"y":0.5176447033882141,"z":-0.08064138144254685,"w":0.8416696786880493},"size":7.53905725479126,"orthographic":false}