{"cameraMode":{"drawMode":0,"name":"Shaded","section":"Shading Mode"},"sceneLighting":true,"audioPlay":false,"sceneViewState":{"showFog":true,"showMaterialUpdate":false,"showSkybox":true,"showFlares":true,"showImageEffects":true,"showParticleSystems":true},"in2DMode":false,"pivot":{"x":22.905729293823243,"y":-33.21870803833008,"z":131.08847045898438},"rotation":{"x":0.2553349733352661,"y":0.22234117984771729,"z":-0.060449179261922839,"w":0.9390052556991577},"size":81.4621810913086,"orthographic":false}