{"cameraMode":{"drawMode":0,"name":"Shaded","section":"Shading Mode"},"sceneLighting":true,"audioPlay":false,"sceneViewState":{"showFog":false,"showMaterialUpdate":false,"showSkybox":false,"showFlares":false,"showImageEffects":false,"showParticleSystems":false},"in2DMode":false,"pivot":{"x":393.48065185546877,"y":-54.36635208129883,"z":-1536.5789794921875},"rotation":{"x":0.22974880039691926,"y":0.005839459132403135,"z":-0.0013785094488412142,"w":0.9732314944267273},"size":1594.521240234375,"orthographic":false}