{"cameraMode":{"drawMode":0,"name":"Shaded","section":"Shading Mode"},"sceneLighting":true,"audioPlay":false,"sceneViewState":{"showFog":false,"showMaterialUpdate":false,"showSkybox":false,"showFlares":false,"showImageEffects":false,"showParticleSystems":false},"in2DMode":false,"pivot":{"x":-11.079883575439454,"y":11.651010513305664,"z":-2.8042168617248537},"rotation":{"x":0.12420599907636643,"y":-0.697742223739624,"z":0.1248045414686203,"w":0.69437575340271},"size":3.686677932739258,"orthographic":false}