{"cameraMode":{"drawMode":0,"name":"Shaded","section":"Shading Mode"},"sceneLighting":true,"audioPlay":false,"sceneViewState":{"showFog":false,"showMaterialUpdate":false,"showSkybox":false,"showFlares":false,"showImageEffects":false,"showParticleSystems":false},"in2DMode":false,"pivot":{"x":-111.841064453125,"y":-5.266600608825684,"z":14.91900634765625},"rotation":{"x":-0.012970217503607273,"y":0.9503686428070068,"z":-0.039934709668159488,"w":-0.3083702325820923},"size":97.14515686035156,"orthographic":false}