{"cameraMode":{"drawMode":0,"name":"Shaded","section":"Shading Mode"},"sceneLighting":true,"audioPlay":false,"sceneViewState":{"showFog":true,"showMaterialUpdate":false,"showSkybox":true,"showFlares":true,"showImageEffects":true,"showParticleSystems":true},"in2DMode":false,"pivot":{"x":-5.215181827545166,"y":17.010282516479493,"z":76.655517578125},"rotation":{"x":0.04793127626180649,"y":0.8861302137374878,"z":-0.09412525594234467,"w":0.4512394368648529},"size":6.611933708190918,"orthographic":false}