{"cameraMode":{"drawMode":0,"name":"Shaded","section":"Shading Mode"},"sceneLighting":true,"audioPlay":false,"sceneViewState":{"showFog":true,"showMaterialUpdate":false,"showSkybox":true,"showFlares":true,"showImageEffects":true,"showParticleSystems":true},"in2DMode":false,"pivot":{"x":-4.723627090454102,"y":3.5731234550476076,"z":20.557537078857423},"rotation":{"x":0.054897334426641467,"y":0.1432819962501526,"z":-0.007960803806781769,"w":0.9881278276443481},"size":25.853981018066408,"orthographic":false}