{"cameraMode":{"drawMode":0,"name":"Shaded","section":"Shading Mode"},"sceneLighting":true,"audioPlay":false,"sceneViewState":{"showFog":true,"showMaterialUpdate":false,"showSkybox":true,"showFlares":true,"showImageEffects":true,"showParticleSystems":true},"in2DMode":false,"pivot":{"x":-56.8662223815918,"y":0.9933757781982422,"z":5.52372932434082},"rotation":{"x":-0.30715352296829226,"y":0.6770651936531067,"z":-0.3760665953159332,"w":-0.5530174374580383},"size":37.768409729003909,"orthographic":false}