{"cameraMode":{"drawMode":0,"name":"Shaded","section":"Shading Mode"},"sceneLighting":true,"audioPlay":false,"sceneViewState":{"showFog":false,"showMaterialUpdate":false,"showSkybox":false,"showFlares":false,"showImageEffects":false,"showParticleSystems":false},"in2DMode":false,"pivot":{"x":537.5753784179688,"y":228.86465454101563,"z":-425.2402648925781},"rotation":{"x":0.08093560487031937,"y":-0.0038963339757174255,"z":-0.001858880859799683,"w":-0.9970617890357971},"size":311.01348876953127,"orthographic":false}